mean_speed,max_speed,min_speed,speed_std,speed_range,speed_q25,speed_q50,speed_q75,mean_accel_mag,max_accel_mag,min_accel_mag,std_accel_mag,accel_range,accel_q25,accel_q50,accel_q75,mean_roll,std_roll,roll_range,mean_pitch,std_pitch,pitch_range,mean_yaw,std_yaw,yaw_range,label
90.804,116.8,60.9,11.306781173371693,55.9,86.2,88.5,97.95,0.055957873761424526,0.1746682569902156,0.013341664064126334,0.029376371801185443,0.16132659292608925,0.03436931251320133,0.04917652321690809,0.06872408487012566,-1.56816,0.028454926007114367,0.08800000000000008,0.0074649999999999985,0.027679406110194368,0.136,0.074445,0.038546675680662154,0.146,0
93.08600000000003,116.8,81.8,7.602988304330008,35.0,87.7,90.15,96.69999999999999,0.055098287008490204,0.1746682569902156,0.00754983443527075,0.030298162684232872,0.16711842255494486,0.03270646565025223,0.049516684206887075,0.06663140717423399,-1.60435,0.026967456657848988,0.09899999999999998,-0.020025,0.026564690642744623,0.10600000000000001,0.08077499999999999,0.03255292366587032,0.129,0
97.411,116.8,81.8,6.574488458615036,35.0,94.45,97.0,99.525,0.04412019612212468,0.11916794871105234,0.007071067811865475,0.022303261454387515,0.11209688089918686,0.026734807543625103,0.0418449365517388,0.05780114987021813,-1.6046699999999998,0.027525613471545436,0.10399999999999987,-0.018404999999999998,0.02302305977508279,0.098,0.084295,0.02520564615299417,0.096,0
96.25650000000002,110.8,85.0,6.149850490481568,25.799999999999997,91.8,94.7,98.6,0.046832407277209276,0.17203778654702578,0.005,0.028462628740079047,0.16703778654702578,0.026734807543625103,0.042076852979220175,0.05646441295578917,-1.5733499999999998,0.02017654491790211,0.07000000000000006,-0.005710000000000001,0.020068623476492006,0.082,0.08968,0.016024403500214553,0.066,0
100.65849999999999,114.9,89.2,7.995333296530737,25.700000000000003,92.375,101.6,108.025,0.05167736342162796,0.17203778654702578,0.005,0.030378518424990307,0.16703778654702578,0.029231798126048317,0.044659766055952996,0.06749810428103108,-1.572135,0.017374583614547284,0.06500000000000017,0.01406,0.025057650112205825,0.097,0.16371000000000002,0.11198723859458362,0.364,0
94.04599999999999,100.5,65.7,4.956147798948809,34.8,93.5,94.6,96.4,0.0952734622915446,0.14392011673147015,0.032403703492039304,0.026062109483602908,0.11151641323943084,0.07889149555481845,0.09791322675677183,0.11409314651197501,-1.6003399999999999,0.032934904580072664,0.1439999999999999,0.24936999999999998,0.0666999062026116,0.274,0.19326999999999997,2.0229161912158933,6.234999999999999,0
95.26199999999999,103.6,86.5,4.008979368603615,17.099999999999994,92.8,96.1,98.1,0.10470036176071418,0.25938774065094133,0.022045407685048604,0.04278430472532805,0.23734233296589274,0.07893616592073367,0.10360238354730356,0.12170465083941702,-1.6237000000000001,0.040467990949110445,0.1419999999999999,0.121675,0.1494506166231683,0.395,-1.570865,1.9536295680658362,6.234999999999999,0
94.26400000000001,103.6,86.5,3.8825474722624906,17.099999999999994,91.475,93.80000000000001,97.1,0.08260948880006293,0.25938774065094133,0.008831760866327847,0.05203668362227072,0.25055597978461347,0.04080683291127646,0.07154295484719161,0.10789117488622042,-1.6527100000000001,0.031031284263063855,0.10999999999999988,-0.013030000000000002,0.019679060626353037,0.11599999999999999,-2.4196050000000002,0.08119174509986721,0.3620000000000001,0
91.00099999999999,99.8,84.4,3.5918107581849386,15.399999999999991,88.3,90.69999999999999,93.3,0.06385357571454608,0.21520455385516357,0.00608276253029822,0.0363441239431176,0.20912179132486536,0.037376282987994135,0.05828872095856187,0.08158248851591379,-1.628245,0.0343832227259913,0.121,-0.018165,0.016530093616639756,0.084,-2.48144,0.0949069705834436,0.33099999999999996,0
89.23649999999999,98.0,83.1,3.4271481544225377,14.900000000000006,86.875,88.6,90.92500000000001,0.05099769244317129,0.21520455385516357,0.00608276253029822,0.033481043394818805,0.20912179132486536,0.03102005945625385,0.04237821370585268,0.06307138663063004,-1.586925,0.021697077935859815,0.06800000000000006,-0.04582000000000001,0.023761114299708654,0.078,-2.6668100000000003,0.12294025145222241,0.4139999999999997,0
111.84900000000002,124.1,0.0,13.83863933677973,124.1,109.55,116.9,120.1,0.15667503842775551,0.3555657463817346,0.011180339887498949,0.09337021645183569,0.34438540649423566,0.06672309529710671,0.15242867077592126,0.24053317655479914,-1.6576,0.06061021357782655,0.23299999999999987,-0.12859500000000001,0.11055347724815484,0.29100000000000004,-0.837725,0.11249977945260348,0.539,0
117.95049999999999,124.1,106.5,4.445493426948826,17.599999999999994,114.975,119.2,121.4,0.06847097734936995,0.35315435718676896,0.010677078252031312,0.05546043236952939,0.3424772789347377,0.0338703345213916,0.05105757253622835,0.0804892524293784,-1.57942,0.06045375823240531,0.18100000000000005,-0.004299999999999999,0.06599482239474982,0.295,-0.858335,0.05453524769546785,0.20000000000000007,0
108.3205,123.6,70.7,12.501731729290778,52.89999999999999,104.275,110.9,115.85,0.04700230836340705,0.11574541027617466,0.00806225774829855,0.02370003092488273,0.10768315252787611,0.02853924790849155,0.04368637894431021,0.06028328819950387,-1.572395,0.03815781794536684,0.119,0.025004999999999996,0.025529074468458122,0.09,-0.6944300000000001,0.14490064209796313,0.423,0
93.56049999999999,119.7,56.6,18.38877169285266,63.1,74.8,96.9,108.95,0.041690267002031225,0.11574541027617466,0.006708203932499369,0.02152319392382924,0.1090372063436753,0.025208411004070612,0.03914076324317409,0.05434969013701248,-1.592375,0.027184173177729427,0.10499999999999998,0.025534999999999995,0.020125455143266153,0.09,-0.47992000000000007,0.09903815619199273,0.354,0
104.22049999999999,131.3,56.6,22.960462625344665,74.70000000000002,88.775,117.1,122.4,0.04554441704407972,0.16595481312694732,0.0034641016151377548,0.02506385966729886,0.16249071151180958,0.027308422457599586,0.04193446887853772,0.05578519711642163,-1.5722,0.022186283054601453,0.08699999999999997,0.02335,0.027284606442895938,0.122,-0.41179000000000004,0.04795177539798809,0.16700000000000004,0
119.90700000000001,131.3,103.0,5.146726627175216,28.30000000000001,118.2,121.6,122.8,0.04604278802184826,0.16595481312694732,0.0034641016151377548,0.025275798724888037,0.16249071151180958,0.028586611326320295,0.04208324411624039,0.05807965210877051,-1.55692,0.01978410102244558,0.06800000000000006,0.016994999999999996,0.03205640404351375,0.129,-0.50348,0.0863800740097486,0.24,0
112.6225,123.6,95.7,7.086986002738758,27.89999999999999,106.875,109.9,119.5,0.04012691251207161,0.10808330120791093,0.005196152422706632,0.019590683157599636,0.1028871487852043,0.02547053572557309,0.03788131106753811,0.051467821533430005,-1.5412550000000003,0.01521305889044082,0.05400000000000005,0.013555,0.020877170696275083,0.089,-0.589235,0.018076325475980107,0.09899999999999998,0
130.255,144.6,95.3,10.136757086026355,49.3,128.2,133.7,135.925,0.04684543880215143,0.1591225942473287,0.005744562646538029,0.023967521227755268,0.15337803160079067,0.03104432236898149,0.044067952336704186,0.05897873267058995,-1.607575,0.014723050501862784,0.06099999999999994,0.02875,0.016887969611174097,0.073,0.45116,0.06733732976514215,0.23800000000000004,1
126.43650000000001,137.9,90.7,12.900041593559994,47.2,124.05,131.7,134.9,0.04658303079761519,0.1591225942473287,0.0076811457478686085,0.023273796202096454,0.1514414484994601,0.03075281468578429,0.04389757119261889,0.05786406181849231,-1.5793400000000002,0.028456515358203285,0.09000000000000008,0.020964999999999998,0.02275307202186467,0.08499999999999999,0.42465,0.07337168747284654,0.22200000000000003,1
101.16150000000002,137.3,42.7,28.03205752339587,94.60000000000001,77.95,96.05000000000001,131.7,0.043653577719554006,0.11403946685248928,0.0076811457478686085,0.020276236859654264,0.10635832110462067,0.029086079144497977,0.039849646579028467,0.054122344382641414,-1.5607749999999998,0.014383630247454142,0.05699999999999994,0.0019200000000000007,0.018239710391776492,0.088,0.32799999999999996,0.035035803654097086,0.127,1
95.875,140.7,42.7,26.250374967410433,97.99999999999999,74.975,90.65,121.825,0.04439932173379622,0.11712386605641056,0.00812403840463596,0.02211130431411062,0.1089998276517746,0.02994973392002721,0.039742911453016116,0.05534554776758607,-1.5573050000000002,0.014605773450606869,0.06299999999999994,0.001235,0.015012884750863625,0.062,0.300515,0.00864019908341267,0.030000000000000027,1
126.77600000000001,142.8,69.9,20.383827563307467,72.9,121.875,135.6,140.4,0.04202746584505681,0.11852847759083046,0.006164414002968977,0.022277534814914603,0.11236406358786148,0.025597838881888865,0.036324687204412044,0.05481788029466298,-1.53897,0.015973567991274192,0.06999999999999984,0.010395000000000001,0.01649300064729759,0.07500000000000001,0.3105,0.013855681127158195,0.06000000000000005,1
136.53400000000002,148.8,121.9,6.294086240912195,26.900000000000006,133.4,138.4,141.0,0.03924074701338991,0.11852847759083046,0.006164414002968977,0.019742660332797403,0.11236406358786148,0.025079848598615104,0.035637015172231945,0.04888977881986276,-1.5419450000000001,0.017071000859696515,0.07499999999999996,0.023884999999999997,0.016712820433253357,0.057,0.33842,0.023789351952746802,0.062,1
114.02850000000001,123.7,100.4,6.87526611636628,23.299999999999997,108.875,114.5,120.9,0.05603318944214642,0.20139761666911551,0.008366600265340756,0.039349824962296186,0.19303101640377476,0.029650136858065924,0.046026050216565806,0.06901083423426552,-1.59585,0.016486251314718595,0.17800000000000016,-0.00942,0.03780608549562507,0.161,0.13912499999999997,0.03760024290256192,0.126,1
115.734,128.1,104.2,6.0609918421453735,23.89999999999999,111.55,115.65,121.5,0.0431030644957375,0.12791012469699184,0.0037416573867739417,0.023144310892956876,0.1241684673102179,0.0256612492884783,0.03930643655537811,0.05421248593355371,-1.5981049999999999,0.019497299774390853,0.07599999999999985,0.0032700000000000008,0.016057907145999684,0.063,0.17625500000000002,0.018526904923115213,0.07400000000000001,1
114.54699999999998,128.1,103.2,6.138714038807415,24.89999999999999,109.675,114.8,118.64999999999999,0.05162694662824644,0.1498866238194723,0.0037416573867739417,0.026389113444489257,0.14614496643269836,0.031240986392372785,0.050921508225896056,0.06631551555856367,-1.61923,0.021130299281806025,0.07199999999999984,0.020925000000000003,0.01719265283654006,0.075,0.200565,0.037696563897101305,0.16200000000000003,1
112.207,132.7,75.9,14.591776819625801,56.79999999999998,106.2,115.6,122.95,0.05353154881172938,0.15816447135814035,0.005385164807134504,0.027867657120474915,0.15277930655100586,0.03419416544790234,0.05104397428135101,0.06695510791495275,-1.611165,0.02361601907146754,0.07799999999999985,0.054229999999999993,0.02628863942493164,0.087,0.37823999999999997,0.183170547982587,0.5349999999999999,1
100.469,115.8,64.0,10.426731156650455,51.8,93.925,104.65,108.14999999999999,0.049588679480892815,0.1595807005875084,0.009433981132056603,0.02542617389494456,0.1501467194554518,0.03256452805748043,0.04618975436931556,0.061694796543090256,-1.59454,0.04927727314128904,0.15500000000000003,0.01924,0.017247311348257115,0.066,-1.022335,0.09463238991542763,0.31199999999999994,0
106.97049999999999,115.8,97.5,3.664755368308741,18.299999999999997,104.775,107.15,109.0,0.04178518588387648,0.11580155439371269,0.00608276253029822,0.01955402876274248,0.10971879186341447,0.027440827295433547,0.04019917728977817,0.05283464200513506,-1.571175,0.02634892224584506,0.10399999999999987,0.0037549999999999997,0.028722987747196983,0.097,-0.8595750000000001,0.10077700331417343,0.31899999999999995,0
98.62299999999999,114.2,71.5,10.204175468156386,42.7,90.975,100.80000000000001,107.25,0.04110956332148561,0.09784170889758621,0.00608276253029822,0.017746931322728254,0.091758946367288,0.02747726332806817,0.039223654654840394,0.052706735812417756,-1.5617050000000001,0.03740244227911077,0.11999999999999988,-0.007015000000000002,0.026849941747782182,0.101,-0.7392349999999999,0.04581072897747029,0.1519999999999999,0
82.09550000000002,102.8,54.8,12.670819947450266,48.0,70.65,85.85,91.3,0.04247838232691916,0.10315522284402279,0.006480740698407861,0.01860950302674939,0.09667448214561493,0.02860055449950555,0.03994989813356639,0.05327246512965882,-1.567955,0.04130902021052752,0.11599999999999988,0.007635,0.02114253553964676,0.101,-0.7479300000000001,0.056145943171999224,0.18199999999999994,0
83.0715,119.8,54.8,17.575912529831314,65.0,68.875,79.6,96.25,0.040576917891047656,0.10315522284402279,0.006480740698407861,0.017657652673924173,0.09667448214561493,0.027586228448267445,0.03788792329729134,0.05046687288204047,-1.578665,0.030077667887115838,0.09899999999999998,0.011675000000000001,0.0068170179454319834,0.032,-0.8276049999999999,0.04377338829258097,0.16000000000000003,0
100.08049999999999,123.7,57.8,15.97329019797561,65.9,93.475,105.95,111.8,0.03875970072148875,0.10244022647378323,0.007280109889280518,0.01640966132816731,0.09516011658450271,0.02716494503356519,0.03598601186788768,0.048257013770170006,-1.5470749999999998,0.020614415968652707,0.08699999999999997,0.014615,0.006585866929727657,0.035,-0.8702850000000001,0.01008973681246066,0.03600000000000003,0
111.29,123.7,90.9,7.384603023118117,32.8,108.625,112.1,116.8,0.03825896504453025,0.10108906963663282,0.0036055512754639895,0.017070842452309443,0.09748351836116884,0.02497473188500531,0.036290492007888406,0.04840454193600092,-1.5693099999999998,0.03947117643096318,0.11799999999999988,0.00801,0.017839031792011076,0.07200000000000001,-0.8727449999999999,0.014160599843922532,0.05500000000000005,0
113.61150000000002,127.7,93.1,6.40744837853713,34.60000000000001,109.875,113.55,118.525,0.03859236011715837,0.10108906963663282,0.0036055512754639895,0.017554072687761095,0.09748351836116884,0.024969830827790637,0.0373491589765253,0.05074444635479773,-1.5749549999999999,0.03668517391160391,0.123,0.00534,0.017227546015278632,0.07200000000000001,-0.8832850000000001,0.020356219031694774,0.06700000000000006,0
107.61900000000001,130.0,79.6,9.211067136273881,50.400000000000006,102.2,109.19999999999999,112.92500000000001,0.07735995038974557,0.23632393023136694,0.00412310562561766,0.05082715884324531,0.23220082460574928,0.03665002634604736,0.062092656880789104,0.10976895972268924,-1.628645,0.07611733190332147,0.4099999999999999,-0.06316999999999999,0.08474117318140459,0.239,-1.06398,0.312353088442065,1.056,1
115.66150000000002,140.7,92.5,9.390060378911203,48.19999999999999,110.225,114.44999999999999,122.025,0.05891212688459018,0.1916115862885123,0.00412310562561766,0.03455948634479434,0.18748848066289464,0.03509554821716154,0.04892300361178994,0.0761098195295375,-1.612225,0.051608152281490835,0.19800000000000018,0.002745,0.01100479452386835,0.056,-1.2045700000000001,0.021514167355138916,0.06700000000000017,1
109.11149999999999,140.7,67.2,17.055311076894736,73.49999999999999,100.57499999999999,113.80000000000001,120.125,0.06386516391143689,0.1916115862885123,0.009219544457292887,0.032492764383037005,0.1823920418312194,0.04296779518465707,0.0596572395609653,0.07773990627728584,-1.611335,0.053340687280892723,0.19800000000000018,0.018995,0.024486586934452347,0.111,-1.109835,0.10092281629664442,0.354,1
89.5255,131.5,52.2,22.84562348266201,79.3,69.3,91.6,111.775,0.05500336455869784,0.1290310040261642,0.009219544457292887,0.022730226642934705,0.11981145956887129,0.03714469907632779,0.05395807356809515,0.06624723673114842,-1.60653,0.03775188903390318,0.1260000000000001,0.02624,0.022886049381258596,0.109,-0.9021349999999999,0.14598918103715597,0.501,1
105.94400000000002,147.5,52.2,31.820471019131645,95.3,71.175,124.1,131.32500000000002,0.04991242687363242,0.1290310040261642,0.00916515138991168,0.02207854056207184,0.1198658526362525,0.033929334464513815,0.04861065923515263,0.06311277074671182,-1.5873249999999999,0.05222092011337446,0.15500000000000003,0.031475,0.021194466306327465,0.086,-0.708905,0.0773526543869279,0.251,1
123.329,147.5,98.6,12.199821194834358,48.900000000000006,114.45,125.5,131.225,0.04799114098939694,0.13057947771376635,0.00916515138991168,0.021616585539528752,0.12141432632385467,0.03343601232771223,0.04689349150199573,0.059803653298182054,-1.559135,0.02848197481649118,0.1070000000000002,0.029295,0.022735710626422965,0.086,-0.6925999999999999,0.0578351495425841,0.18000000000000005,1
115.5915,135.5,88.4,9.880073736322815,47.099999999999994,110.55,118.05,122.3,0.04819230977231582,0.13057947771376635,0.005099019513592785,0.022432730905723373,0.12548045820017356,0.03401469316649185,0.04504987347358044,0.0586449243908952,-1.5523500000000001,0.03536681435737388,0.10900000000000021,0.019850000000000003,0.018620178712256817,0.088,-0.764085,0.03479065569399479,0.122,1
92.25849999999998,103.4,75.7,5.951633173943597,27.700000000000003,88.57499999999999,92.15,97.5,0.036504667086106,0.10332473082471592,0.005916079783099616,0.016323343365429083,0.0974086510416163,0.024758812057660035,0.034496376621320685,0.04991492687322327,-1.5821499999999997,0.03373228178126784,0.252,-0.017,0.02844160022072559,0.127,-0.08936499999999999,0.019175774472838532,0.07300000000000001,0
92.0675,103.4,86.0,3.9067772257267603,17.400000000000006,89.5,91.0,93.3,0.03495688600950546,0.08061017305526642,0.002449489742783178,0.017225845969509535,0.07816068331248324,0.022720066464115965,0.03222569045276867,0.046970729919164844,-1.5694299999999999,0.01869767674279053,0.08699999999999997,0.004549999999999999,0.016004317884707672,0.059,-0.08936999999999999,0.01009318890695888,0.03399999999999999,0
92.399,98.7,86.0,2.498280614773039,12.700000000000003,90.3,92.5,94.4,0.041246047727403666,0.13875157656761958,0.002449489742783178,0.022373790006725822,0.1363020868248364,0.025396481616990055,0.03715946729892977,0.05425632884934732,-1.580915,0.016213332035038084,0.06400000000000006,0.016035,0.00799709589248296,0.038,-0.09608,0.003951159107332594,0.015,0
93.92450000000001,98.7,89.8,1.9447002455972824,8.900000000000006,92.675,94.3,95.3,0.04615677102973246,0.14167568598739871,0.006164414002968977,0.02387872390614247,0.13551127198442975,0.02978184406637016,0.042602570613806394,0.058592853074072464,-1.5895599999999999,0.021640655950080388,0.0950000000000002,0.019755000000000005,0.009258703633059227,0.044,-0.022664999999999998,0.09935764936549771,0.316,0
94.1015,101.8,88.9,2.2599523608622447,12.899999999999991,92.625,94.1,95.525,0.045311205627883544,0.14167568598739871,0.00848528137423857,0.02193353698726024,0.13319040461316015,0.030389059057265185,0.042491083903157964,0.055612482121387745,-1.561265,0.04012298649435424,0.12200000000000011,0.010175000000000003,0.017029515465359683,0.074,0.19005499999999997,0.16094701514292548,0.5,0
88.7085,95.0,69.4,4.3775900014854665,25.599999999999994,87.57499999999999,89.9,91.725,0.062108543447727434,0.21825902043214618,0.007211102550927979,0.03370696706834487,0.2110479178812182,0.036421130218781815,0.052943362598529206,0.0814598697310033,-1.6054899999999999,0.03972189629443853,0.2789999999999999,-0.011350000000000002,0.01765320589558621,0.088,0.08879,0.05748476660785706,0.163,0
90.598,98.9,76.7,3.914744194778602,22.200000000000003,88.475,90.9,93.1,0.052184840544684793,0.21825902043214618,0.0071414284285428505,0.031102802751857048,0.21111759200360333,0.03176446637735321,0.04466424303579935,0.065880461793177,-1.58019,0.026516969062115793,0.1100000000000001,-0.024709999999999996,0.014597993253703603,0.063,0.034195,0.10099050641983469,0.32999999999999996,0
92.64400000000002,98.9,86.8,2.4399242100429617,12.100000000000009,90.9,92.8,94.2,0.03942239090393783,0.13839797686382557,0.006164414002968977,0.02445681447549052,0.1322335628608566,0.02220921302970974,0.03365767551424229,0.05083544056076583,-1.5713600000000003,0.022976728449700064,0.1100000000000001,-0.036345,0.015364449437993647,0.063,-0.12884,0.08988006749365132,0.281,0
89.862,96.7,80.9,3.398293393741887,15.799999999999997,87.3,89.85,92.725,0.0377192923693481,0.13839797686382557,0.006164414002968977,0.0222678979599199,0.1322335628608566,0.022858251044300573,0.03257299133290003,0.047520810992294556,-1.56098,0.01567347726087726,0.09499999999999997,-0.039525000000000005,0.016290064641681163,0.077,-0.23960500000000004,0.043600389272615656,0.153,0
83.46549999999999,93.2,68.8,6.261532856944294,24.400000000000006,80.175,85.9,87.725,0.035483188187953214,0.08281907992727279,0.007483314773547883,0.015340797120742992,0.0753357651537249,0.024757234241321466,0.03435081968714741,0.0438776705814663,-1.56038,0.014212868399471798,0.05300000000000016,-0.01699,0.021978287595446115,0.078,-0.19567,0.08704201665469719,0.265,0
107.92200000000001,119.9,84.2,7.145572899376335,35.7,105.07499999999999,109.45,112.4,0.041090948309750804,0.13503332921912278,0.00714142842854285,0.021593177012027464,0.12789190079057994,0.024030074865900718,0.03760947199437316,0.05116707044178303,-1.6133550000000003,0.04799705785581101,0.15700000000000003,-0.00994,0.020911308282131745,0.079,0.051794999999999994,0.013421387529465067,0.054000000000000006,1
97.0685,119.9,73.8,12.32145074625802,46.10000000000001,87.0,95.1,109.125,0.055632513856414434,0.20875344308537766,0.006164414002968977,0.0371717918935683,0.2025890290824087,0.0291999939742056,0.047644377149151394,0.06971182256539885,-1.6096700000000002,0.04922210048219596,0.15800000000000014,0.0010400000000000001,0.015198796567012373,0.065,0.05340999999999999,0.010019674113798996,0.034,1
84.72050000000002,101.9,65.5,7.162509157912884,36.400000000000006,79.3,84.9,89.6,0.06737409907215584,0.20923192872981888,0.006164414002968977,0.040607643093429416,0.20306751472684992,0.036612406561749467,0.05803010684043611,0.08688130975916131,-1.59919,0.04984593248124287,0.17900000000000005,0.017804999999999998,0.023476856453637986,0.09,0.07539,0.060986017839003856,0.23700000000000002,1
89.8775,108.1,65.5,10.475007045967335,42.599999999999994,81.5,89.7,98.05000000000001,0.05870656799726899,0.20923192872981888,0.007681145747868608,0.033887544946403315,0.20155078298195028,0.03557326087719162,0.050852727589831365,0.06967690326969714,-1.5632499999999998,0.05060883093733959,0.15999999999999992,0.035699999999999996,0.018306985788032287,0.082,0.26896,0.18311730704852427,0.522,1
96.74300000000001,111.0,63.8,10.166006563407096,47.2,90.95,99.80000000000001,104.9,0.056678640688539,0.1977144405449435,0.007280109889280518,0.031274223812508384,0.19043433065566298,0.0373632865209529,0.051816928131211304,0.06879306451890498,-1.5234649999999998,0.03573912703193833,0.1080000000000001,0.01471,0.032873839853805764,0.134,0.429825,0.10212901671550738,0.36300000000000004,1
110.0775,119.4,75.2,10.341361736387238,44.2,110.325,113.5,115.75,0.05494063304311167,0.16918924315688633,0.005385164807134504,0.026851851902150455,0.16380407834975183,0.03716516775697523,0.05144828424581947,0.0657265751343507,-1.59524,0.036468095783167113,0.15399999999999991,0.004109999999999999,0.025032399106460525,0.098,-1.522645,0.05237571049877277,0.22999999999999998,0
114.90199999999999,119.4,106.8,2.1136065535753294,12.600000000000009,113.5,115.05,116.4,0.046448082625853926,0.14818232013300373,0.005385164807134504,0.022370242716111405,0.14279715532586923,0.03107224156386691,0.043364207579892344,0.05827304978344692,-1.6127850000000001,0.022913838503726813,0.08200000000000007,0.017565000000000004,0.023634694177082576,0.093,-1.374705,0.1302131533352431,0.3760000000000001,0
101.9975,118.2,65.8,16.108521536143595,52.400000000000006,88.875,111.95,114.7,0.04241150613188733,0.14818232013300373,0.005385164807134504,0.021781674738111115,0.14279715532586923,0.02707397274136177,0.03867815057045132,0.05154511439281988,-1.606615,0.023087484372996677,0.08600000000000008,0.025554999999999998,0.0161053995440151,0.078,-1.1679249999999999,0.10071557730839266,0.32499999999999996,0
75.87299999999999,115.5,33.7,19.088668295259158,81.8,64.57499999999999,72.6,88.825,0.04576052855590761,0.1618085288234214,0.00806225774829855,0.02361732236861918,0.15374627107512284,0.02942774504362774,0.041333905804509255,0.055632669822660574,-1.57428,0.018363761561659083,0.05600000000000005,0.025845000000000003,0.012196505595608876,0.062,-1.107795,0.04957723759385133,0.16300000000000003,0
84.65450000000001,122.1,33.7,25.64370640411997,88.39999999999999,64.57499999999999,80.4,108.15,0.04652043510211442,0.1618085288234214,0.006164414002968977,0.025111892674156443,0.15564411482045243,0.02914614914559655,0.04205730408274665,0.06038418401136396,-1.55458,0.007899087155453299,0.04499999999999993,0.019015,0.017229015347640916,0.074,-1.17785,0.049602008996434944,0.18200000000000016,0
109.41599999999998,122.1,80.1,9.508073480286775,42.0,103.675,111.15,116.6,0.04331051902554606,0.09815294188153506,0.006164414002968977,0.022401743958893307,0.09198852787856608,0.02652332699100659,0.03821554736590413,0.06038418401136396,-1.5546900000000001,0.007638430999930788,0.03499999999999992,0.020965,0.015234309829457306,0.07,-1.225055,0.012955741243008021,0.05600000000000005,0
111.682,121.8,100.8,5.111163857664857,21.0,108.675,111.8,115.4,0.03674107697691027,0.09815294188153506,0.0036055512754639895,0.021804597334077507,0.09454739060607108,0.01936486495274546,0.030520457444064293,0.04747608639700008,-1.5629300000000002,0.006443032152378478,0.028000000000000025,0.024495,0.005159756821039274,0.028999999999999998,-1.2384750000000002,0.008884483396693963,0.03399999999999981,0
104.7425,121.8,68.7,15.271296810729828,53.099999999999994,100.875,110.85,115.64999999999999,0.033733665129590855,0.11428910709249591,0.0036055512754639895,0.020391022680444404,0.11068355581703193,0.0184458330621771,0.030024988437484842,0.04253234063627347,-1.566945,0.004207193528581099,0.016999999999999904,0.031075,0.011185030151836311,0.041999999999999996,-1.243585,0.009810914596821752,0.03499999999999992,0
87.194,97.1,0.0,9.616477901819403,97.1,85.175,88.2,90.6,0.04922132095179208,0.12753822956274719,0.00806225774829855,0.02699705109078893,0.11947597181444863,0.0282223045324613,0.043812089495772616,0.06627897248127035,-1.604325,0.03234393335891024,0.10899999999999999,-0.017655000000000004,0.0201111478123865,0.08900000000000001,0.02726,0.03156125733908775,0.12,0
82.6075,94.2,69.3,7.111120440521169,24.900000000000006,75.175,83.2,89.325,0.04310206661582477,0.12582527568020663,0.006403124237432849,0.023866291138518934,0.11942215144277378,0.025253711142534614,0.03860002911094234,0.055235291222234736,-1.605185,0.03086607112564972,0.10899999999999999,-0.00022999999999999686,0.024681836749452686,0.10700000000000001,0.05215,0.033265454337214555,0.10099999999999999,0
81.73949999999999,94.8,67.9,6.9338069010251155,26.89999999999999,74.7,83.30000000000001,87.825,0.04781970507072211,0.16592166826548002,0.00565685424949238,0.02768180301279796,0.16026481401598763,0.027366680747214538,0.042836771172805384,0.06257367825374063,-1.5930099999999998,0.02294958205682436,0.08800000000000008,0.015780000000000002,0.0122343777937417,0.056,0.07991999999999999,0.010731234644015786,0.045,0
88.63950000000001,94.8,67.9,4.301103019683398,26.89999999999999,87.175,89.35,90.725,0.04723588731203747,0.16592166826548002,0.0034641016151377548,0.02726338958941125,0.16245756665034228,0.026688001181465148,0.042023787620030104,0.05914175333801484,-1.5795299999999997,0.012091738946643244,0.04400000000000004,0.018565,0.015754580573446763,0.066,0.11979999999999999,0.07416659232488322,0.252,0
89.20549999999999,94.1,81.3,2.6890471589608795,12.799999999999997,87.7,89.7,90.8,0.04275876146817544,0.12030793822520607,0.0034641016151377548,0.022113874262147858,0.11684383661006831,0.028376695381794523,0.03728937915213054,0.0525737473973535,-1.59209,0.017553132549820227,0.06400000000000006,0.01505,0.01934005399274291,0.076,0.288265,0.14624896091199827,0.448,0
82.66850000000001,101.1,0.0,8.493867592764623,101.1,78.7,83.65,86.5,0.05945933055833497,0.17276863141207086,0.009273618495495703,0.03246587709321607,0.16349501291657514,0.032941668615528615,0.05350222845578541,0.0781135907670639,-1.6147750000000003,0.027797443485356822,0.17599999999999993,-0.005915,0.01654528656559591,0.068,0.04352,0.0657779850450203,0.22799999999999998,0
87.25849999999998,105.2,73.0,7.627603122671297,32.2,81.9,85.45,91.3,0.059337619855254146,0.17276863141207086,0.0037416573867739412,0.03278446239893656,0.16902697402529693,0.03286025020869151,0.05350222845578541,0.07846782916876799,-1.6100099999999997,0.019159208657507455,0.07599999999999985,-0.018145,0.01681181610665606,0.068,-0.08830500000000001,0.09099661474182633,0.33499999999999996,0
93.3505,105.2,77.9,7.550173864016935,27.299999999999997,85.9,94.95,99.825,0.03943485616082562,0.14480331487918363,0.0037416573867739412,0.022794628644710248,0.1410616574924097,0.024779023386727734,0.03421986478682247,0.04700505897079252,-1.59527,0.02397836336257622,0.08399999999999985,-0.029684999999999996,0.009813628867946298,0.041,-0.2191,0.05984762897114084,0.21499999999999997,0
91.2985,102.2,76.8,6.986350493360636,25.400000000000006,86.5,90.6,98.42500000000001,0.03249460828679375,0.08320456718233682,0.0037416573867739417,0.014870308086950975,0.07946290979556288,0.023059549631131816,0.030854344039771858,0.040220918521872866,-1.5762099999999999,0.009490852512131633,0.03699999999999992,-0.019544999999999993,0.018625858045730363,0.073,-0.24673,0.042918142255616874,0.16499999999999998,0
90.63599999999998,105.9,76.8,5.94110153399064,29.10000000000001,86.8,91.45,94.1,0.032395300579050795,0.08320456718233682,0.0031622776601683794,0.016105322332387564,0.08004228952216844,0.020645798810322368,0.030545009222755264,0.04241422401157002,-1.571615,0.00926639657729143,0.04299999999999993,0.003165000000000001,0.014478463472434259,0.06,-0.141005,0.09400184417628578,0.286,0
96.73200000000001,119.6,0.0,12.275615245202223,119.6,90.57499999999999,94.80000000000001,104.475,0.06268873567326436,0.24256545508377733,0.00848528137423857,0.038461393809330086,0.23408017370953876,0.035216988846571824,0.05161167861759064,0.07384945329456366,-1.626165,0.04968167791654197,0.33399999999999985,-0.005865000000000001,0.029057848644371387,0.11800000000000001,0.035769999999999996,0.03271480386552545,0.122,1
91.89299999999999,104.8,74.8,6.200279698667516,30.0,88.5,92.7,95.625,0.053984593531971735,0.14884555754203752,0.00848528137423857,0.02928475105596501,0.14036027616779895,0.031874743310072735,0.04881563283157565,0.07003205673514967,-1.6149200000000001,0.0374320637553545,0.14200000000000013,-0.00264,0.02885835099430584,0.117,0.025665000000000004,0.01009765259551439,0.06,1
91.74950000000001,104.8,58.0,8.769608309354386,46.8,89.475,93.95,96.625,0.061149674027489824,0.17445629825259965,0.005385164807134504,0.03490816906785697,0.16907113344546515,0.033527334064912165,0.05315543225184065,0.08269370000299645,-1.597955,0.04194424362012411,0.15300000000000002,0.01425,0.014896207065042535,0.06,0.027505000000000005,0.010866017054706193,0.049,1
84.2775,103.8,58.0,11.487701256158857,45.8,74.45,84.55000000000001,95.1,0.06242334592102311,0.19350193797479137,0.005385164807134504,0.034383309086575754,0.18811677316765688,0.03731828696775377,0.054631179430585444,0.08141866482697485,-1.58219,0.03997277842576593,0.1319999999999999,0.031110000000000002,0.030663318402896104,0.121,0.085105,0.09539926137214984,0.297,1
77.79450000000001,103.8,65.1,6.3528112520379585,38.7,73.1,77.9,80.025,0.06439744831041279,0.2010323357074677,0.006,0.03220347762218431,0.1950323357074677,0.04189209904479926,0.060526791393906626,0.07801662280123421,-1.5678800000000002,0.03465792055629468,0.131,0.05687000000000001,0.023222175764475234,0.095,0.3,0.1782947985104428,0.517,1
123.32,139.6,0.0,14.91244126635921,139.6,118.07499999999999,125.95,133.425,0.35259378503697214,0.4367035607823687,0.11154371340420759,0.0492177272604585,0.3251598473781611,0.3352116368634232,0.3593257389349038,0.3856582011725363,-1.71292,0.01266473757680937,0.17999999999999994,-0.3249850000000001,0.009208624698847333,0.044999999999999984,-0.632855,0.029914853623855226,0.18900000000000006,1
122.41799999999999,138.5,108.4,7.324261054877822,30.099999999999994,117.4,121.7,127.8,0.39185258955491165,0.5234510483321244,0.28960145027261175,0.05356129311086967,0.23384959805951266,0.3486160614652345,0.3867647858481371,0.43291884143314463,-1.697645,0.02077539555102401,0.07400000000000007,-0.334715,0.01763145245230492,0.07200000000000001,-0.60403,0.07357926775400855,0.27,1
104.0535,138.5,54.0,22.723038311381302,84.5,83.55,111.2,121.6,0.43321532805762936,0.6061955130153968,0.3124771991681953,0.04977754065528992,0.2937183138472015,0.4053219256253189,0.4336436382369656,0.45776885846053705,-1.635385,0.05444684628471845,0.16400000000000015,-0.36585999999999996,0.018252015790098643,0.055999999999999994,-0.41656999999999994,0.1562990468950515,0.446,1
81.9905,117.9,43.5,20.43876894851188,74.4,68.25,79.15,100.1,0.39498348161742064,0.6061955130153968,0.2212939221939907,0.07234103521696382,0.38490159082140607,0.3417656636184775,0.41093078333202226,0.4407735006100751,-1.5684249999999997,0.03000576787098838,0.1080000000000001,-0.34295499999999995,0.044427491319279144,0.11699999999999999,-0.25246,0.06647036896052816,0.23800000000000002,1
94.3495,132.8,43.5,23.709820278487793,89.30000000000001,73.275,101.9,113.325,0.3545139850845736,0.47068991916122443,0.2212939221939907,0.04607083664751181,0.24939599696723375,0.33006665054568773,0.35498300460781396,0.3782333827448186,-1.5774549999999998,0.030733544029988114,0.08400000000000007,-0.30808499999999994,0.02317852443480548,0.09299999999999997,-0.30983,0.09491800799219308,0.275,1
124.23450000000001,146.3,91.5,15.886287495888082,54.80000000000001,112.8,123.6,138.2,0.36974943925589926,0.4518096944511041,0.29400850327839156,0.02873684396298376,0.15780119117271252,0.35073493844869863,0.3675962289793653,0.38663418998425253,-1.6105500000000001,0.009391940306111833,0.038000000000000034,-0.3254600000000001,0.017178296462301894,0.068,-0.41927,0.03584286056199103,0.132,1
122.16950000000001,146.3,80.0,19.731301045667866,66.30000000000001,108.45,131.4,138.2,0.37655792383697756,0.4518096944511041,0.29400850327839156,0.027148206592535383,0.15780119117271252,0.3623775595699709,0.3787512363512143,0.3905579341153319,-1.611245,0.00517385920715644,0.018000000000000016,-0.34407499999999996,0.0078105311589497135,0.02699999999999997,-0.460775,0.017383766903602733,0.057999999999999996,1
84.91900000000001,97.6,0.0,9.713050796680436,97.6,82.775,85.95,88.55,0.05182259175509298,0.18465372999211255,0.00848528137423857,0.028823566289639377,0.17616844861787398,0.0317686594022544,0.04480465799083155,0.06425093765123385,-1.5826500000000001,0.02075914764761013,0.20000000000000018,-0.00488,0.021466009124629884,0.089,0.0061849999999999995,0.028196738380110237,0.111,0
81.0115,90.6,69.8,4.921312256056106,20.799999999999997,77.57499999999999,80.8,84.7,0.04370692601142368,0.13031116606031887,0.005196152422706632,0.020527702048424232,0.12511501363761224,0.029068868422646936,0.04134597240336399,0.0531812487379957,-1.567745,0.019079046756209514,0.07500000000000018,0.011195000000000004,0.016069477763072746,0.075,0.01103,0.01167435449024138,0.045,0
80.9295,97.3,69.8,5.982938871297987,27.5,76.25,80.0,85.42500000000001,0.04580251122613324,0.14144256784999343,0.005196152422706632,0.02323638555040723,0.1362464154272868,0.02947456439080363,0.04173702593445734,0.05544361018498388,-1.5704850000000001,0.016210294359328612,0.06800000000000006,0.02343,0.00867707080695696,0.045,0.010585000000000002,0.007788199745536956,0.025,0
84.6315,97.3,71.3,5.8527799304751635,26.0,80.225,84.1,89.42500000000001,0.0496478383865313,0.14562280041257275,0.007348469228349534,0.02742485655990798,0.13827433118422322,0.02979457606808092,0.042941239852115294,0.06393321580630996,-1.5862049999999999,0.0058509952767579025,0.030000000000000027,0.027145000000000002,0.008747374336847871,0.044,0.024665000000000003,0.03895329989698333,0.165,0
85.417,101.4,72.4,6.166794774349534,29.0,80.675,84.4,90.525,0.04656873261627041,0.14562280041257275,0.00412310562561766,0.027427165173630703,0.1414996947869551,0.02596116501457161,0.041645147813487576,0.05895760457680606,-1.5845250000000002,0.00814623722368326,0.03499999999999992,0.025335,0.00986556750068402,0.045,0.164315,0.13248250391738942,0.371,0
81.191,101.4,59.6,7.432187163288527,41.800000000000004,77.05,80.5,84.55,0.051959653649391375,0.20219792283799556,0.00282842712474619,0.03022178309601872,0.19936949571324938,0.029400403025867078,0.047597115521818736,0.06703728315009128,-1.556225,0.026543117004253824,0.10599999999999987,0.021310000000000003,0.008356618055567285,0.039,0.31221,0.06452357988990572,0.229,0
86.109,92.8,0.0,9.47503034295933,92.8,84.8,87.55,89.725,0.0657194974725045,0.24248298909408056,0.008717797887081347,0.037558298428786725,0.2337651912069992,0.03720534549203721,0.05793099086004136,0.08737937092384968,-1.615095,0.04466757139887242,0.18499999999999983,0.011925000000000002,0.014329551817010256,0.06,0.180535,0.06739934818437336,0.21999999999999997,0
85.8355,95.3,78.2,3.479298397189212,17.099999999999994,82.9,85.4,87.725,0.05975507711426783,0.16523316858306628,0.0036055512754639895,0.03227684514836545,0.16162761730760228,0.037187973488657045,0.05519962578888356,0.07479278956000761,-1.5929849999999999,0.02359786156311117,0.10400000000000009,-0.0028049999999999998,0.014811613499965553,0.061,0.13812999999999998,0.1031306586996277,0.32899999999999996,0
88.33200000000001,101.3,82.1,4.505382152682339,19.200000000000003,84.275,87.75,92.225,0.05234247070693192,0.16065490966665164,0.0036055512754639895,0.027712101383863354,0.15704935839118764,0.0317870618865867,0.04978402288682771,0.06516517170048881,-1.586315,0.02965557350989872,0.1140000000000001,-0.02275,0.015911422527045496,0.059,-0.032195,0.09363162597065987,0.29000000000000004,0
89.5985,101.3,81.4,3.744509917547698,19.89999999999999,86.0,89.6,92.4,0.051408213515380996,0.15710824294097364,0.007348469228349534,0.022746043516074933,0.1497597737126241,0.03626254131834924,0.04920749038733995,0.06478985569847856,-1.5573149999999998,0.025065257041426193,0.0930000000000002,-0.033735,0.013636146724329319,0.056999999999999995,-0.1392,0.039216702420572264,0.146,0
88.9175,94.5,81.4,2.8301399631564648,13.099999999999994,86.80000000000001,89.3,91.0,0.04418574148383742,0.11832582135780846,0.007280109889280518,0.020752314141672536,0.11104571146852794,0.029584616231770187,0.040858818599624425,0.05573226183605729,-1.566775,0.0237769022457092,0.08500000000000019,-0.014455,0.02277854882191051,0.065,-0.083095,0.0907202668043102,0.27,0
96.881,113.6,0.0,10.18976918187549,113.6,90.55,98.4,103.225,0.056779828573043305,0.27742025881323085,0.0024494897427831783,0.042624055623612815,0.27497076907044765,0.028666181171194377,0.04141735934274372,0.07532456424837068,-1.6323949999999998,0.027117443717445837,0.17500000000000004,-0.008470000000000002,0.021224549642753048,0.095,0.089495,0.02954529739213924,0.12100000000000001,1
90.89,106.2,79.6,8.140827066498414,26.60000000000001,84.5,88.3,99.5,0.05247860748844854,0.1632513399638729,0.005385164807134504,0.03382441739533769,0.1578661751567384,0.028635626136819827,0.041969584600718396,0.06962683373313824,-1.5770600000000001,0.049760697695831003,0.133,-0.0011349999999999993,0.017489890116333125,0.08,0.09757000000000002,0.01629795128475975,0.058,1
87.50900000000001,102.6,78.7,4.419636288725931,23.89999999999999,84.2,88.2,89.6,0.061993272586905936,0.16908281994336385,0.0066332495807108005,0.0342009896410574,0.16244957036265306,0.036567360784644794,0.05695612278705993,0.08198309209115537,-1.5468600000000001,0.0380688400521289,0.1279999999999999,0.010710000000000003,0.00874863377704337,0.037000000000000005,0.10638500000000001,0.00639226723487137,0.024000000000000007,1
88.57350000000001,102.6,77.6,3.853791156952726,25.0,86.675,88.7,90.2,0.05376342236545509,0.16908281994336385,0.0066332495807108005,0.0270104095986551,0.16244957036265306,0.034332928220949355,0.048830588478739806,0.06892024261520334,-1.5778249999999998,0.031359551693416504,0.123,0.015935,0.011821995299623562,0.051000000000000004,0.11500500000000001,0.030042097347976998,0.14200000000000002,1
87.6575,92.7,77.6,2.4944448330491555,15.100000000000009,86.2,87.95,89.4,0.05051386243074313,0.2004594722132132,0.007,0.026814357181990687,0.1934594722132132,0.033199680809719335,0.044821514285549716,0.06338091878925822,-1.593065,0.027581232695166578,0.1140000000000001,0.02016,0.010812908719436892,0.05,0.24710500000000002,0.13077355461996015,0.361,1
98.809,117.1,82.7,7.54849773732842,34.39999999999999,94.675,98.4,103.5,0.05269421966111938,0.1482194319244275,0.00812403840463596,0.024627459738502413,0.14009539351979153,0.03419064199455752,0.05156059261056317,0.0646934935573855,-1.55213,0.018666690296706756,0.21599999999999997,0.021005000000000003,0.016777436840431658,0.074,-0.036695000000000005,0.03601816927035492,0.158,0
105.0025,120.3,90.8,7.326412858751847,29.5,98.65,105.6,110.725,0.047425271254999846,0.13836545811726278,0.0043588989435406735,0.02383841430069423,0.13400655917372212,0.030965561346231393,0.043971352000923905,0.0602739361733822,-1.54798,0.010340416872908353,0.04600000000000004,0.021905,0.017750248777363416,0.07200000000000001,0.07043500000000001,0.10358045340040352,0.304,0
103.3205,120.3,89.5,6.959511747877449,30.799999999999997,98.8,101.8,108.7,0.046913675994304016,0.14249912280431765,0.002449489742783178,0.024754107414140723,0.14004963306153448,0.03020316792647593,0.04224766734403444,0.058723156748511966,-1.552765,0.013959013046276985,0.05600000000000005,0.011625000000000002,0.016942835458294284,0.066,0.22293,0.07030111188066865,0.23199999999999998,0
82.6575,104.8,43.8,18.11178976225044,61.0,65.975,89.75,98.92500000000001,0.05755516985774527,0.22219135896789505,0.002449489742783178,0.03196908718313215,0.21974186922511188,0.035576809923266395,0.04989486913959658,0.07383422155018406,-1.5503949999999997,0.015460729146086344,0.06900000000000017,0.012245,0.016368402426319734,0.056,0.28395499999999996,0.03479867402025312,0.13100000000000003,0
70.066,90.5,43.8,10.163158611614016,46.7,63.4,71.75,76.7,0.05884545272712475,0.22219135896789505,0.005385164807134504,0.034904286836109584,0.21680619416076055,0.035270375623470296,0.05135159537981454,0.07523290171544295,-1.5300099999999999,0.01618392713427237,0.05300000000000016,0.018195000000000003,0.012046683690530706,0.047,0.22280999999999998,0.0715132478853784,0.21800000000000003,0
82.41799999999999,103.2,57.6,10.878427132835984,45.6,74.175,84.35,90.8,0.04996581680630273,0.18425254408012934,0.0022360679774997894,0.02966118813003657,0.18201647610262955,0.028652841251181557,0.04388032393889274,0.06495561076293241,-1.5251500000000002,0.02327220396496505,0.08199999999999985,0.013500000000000002,0.009898987309252583,0.04,0.13602,0.030475784933889454,0.11199999999999999,0
98.93700000000001,114.9,83.0,8.721741504675077,31.900000000000006,90.8,99.69999999999999,105.025,0.04536641334262148,0.12195490970026585,0.0022360679774997894,0.0232767604773088,0.11971884172276606,0.028416507637644212,0.042278825975583786,0.059018993588930195,-1.54303,0.026854888291065908,0.08599999999999985,0.013315,0.008455367597333079,0.036000000000000004,0.10235,0.010612285475573835,0.036000000000000004,0
102.916,114.9,92.4,5.191986868068037,22.5,99.0,102.25,105.25,0.048153756010674675,0.15116547224812946,0.00824621125123532,0.023486354042196293,0.14291926099689414,0.030543128789345064,0.04421532988012864,0.061394217867521236,-1.5491549999999998,0.01606522431093959,0.06099999999999994,0.0073100000000000005,0.014623032015510093,0.061,0.09111999999999998,0.017771175351305107,0.07400000000000001,0
110.198,127.7,0.0,16.900197614140048,127.7,104.7,113.1,120.5,0.05991461818008822,0.15005998800479758,0.008,0.029316476721650882,0.14205998800479758,0.03802547509059472,0.0550908071695585,0.07636736773293436,-1.5818299999999998,0.02378486280163212,0.08000000000000007,0.023060000000000004,0.020910827663386238,0.086,0.22090999999999997,0.12014966337048225,0.353,1
102.70299999999999,125.4,79.8,13.6141882463862,45.60000000000001,89.85000000000001,101.94999999999999,114.4,0.055724259152358256,0.14931845163944074,0.008774964387392122,0.025610867313379578,0.14054348725204863,0.03899815208303178,0.050154522456210535,0.06867478575158992,-1.5733249999999999,0.030628744258855492,0.1060000000000001,0.026665,0.012115971227845081,0.052,0.38146500000000005,0.06606551320602815,0.227,1
94.7705,119.5,79.8,9.339551157799058,39.7,87.57499999999999,91.75,100.82499999999999,0.057017883833816556,0.24731760956308793,0.007071067811865475,0.03014655864446089,0.24024654175122245,0.037175194755717046,0.05117076580569285,0.0717059826672154,-1.55001,0.02461257389973365,0.1120000000000001,0.0171,0.01314090625053794,0.061,0.367515,0.07789652829621495,0.233,1
84.53049999999999,114.9,50.3,17.11568441561936,64.60000000000001,69.125,88.5,96.125,0.06342550494419148,0.24731760956308793,0.007071067811865475,0.03445155833825244,0.24024654175122245,0.03767291307593773,0.05727374493995166,0.0820894760151609,-1.5473399999999997,0.043074603974240885,0.17599999999999993,0.012175,0.01831094834097155,0.09,0.24500999999999998,0.0685077841008747,0.24900000000000003,1
70.524,112.4,40.9,16.872171611098906,71.5,55.85,68.45,81.5,0.05356881871335222,0.156518369528947,0.011445523142259596,0.02979387582776376,0.14507284638668738,0.030602021240748605,0.04641118553741313,0.07058536015929354,-1.5643950000000002,0.04414217522014326,0.18100000000000005,0.007005,0.018095085953882394,0.09,0.15978,0.03211977583981557,0.092,1
91.6755,130.5,40.9,27.825050167684708,89.6,66.14999999999999,98.3,117.60000000000001,0.04550315105715768,0.16535114151405184,0.010816653826391968,0.023318275099965643,0.15453448768765987,0.026921180050291246,0.04065683486363226,0.060189153406106366,-1.5673300000000001,0.021169360147279537,0.07100000000000017,0.002235,0.008793543485715863,0.038000000000000006,0.12717,0.006655265795899541,0.03599999999999999,1
113.08149999999999,130.5,92.7,10.27227853406473,37.8,103.9,113.9,122.8,0.04910946727449874,0.16535114151405184,0.008944271909999158,0.023456689995450156,0.15640686960405267,0.032210244010096055,0.04588651831223747,0.063005918312353,-1.55691,0.017075119281939513,0.07200000000000006,0.008560000000000002,0.007785852393119021,0.033,0.1209,0.005075312204175153,0.017,1
108.79599999999999,127.5,90.2,8.797977382907435,37.3,102.15,108.1,115.4,0.05026047732133214,0.12471968569556291,0.006403124237432849,0.022481134903840634,0.11831656145813006,0.0329844667297099,0.0481815218785962,0.06446304172481197,-1.5588350000000002,0.017608465728922364,0.06800000000000006,0.020085,0.011974334991658715,0.055,0.13362,0.017728425915098486,0.05,1
101.85799999999999,117.9,0.0,17.50273018186293,117.9,100.375,106.7,110.55,0.05416190936362292,0.17261228229763953,0.00670820393249937,0.03146670209587667,0.16590407836514015,0.03051164081116951,0.04730203528140436,0.06823854478139549,-1.5800799999999997,0.05159071242035917,0.17399999999999993,-0.014180000000000002,0.007560649250258018,0.033,-0.074445,0.012090403811354193,0.039,0
108.7445,120.9,90.3,7.349191987172577,30.60000000000001,105.02499999999999,108.45,115.5,0.06298077522765727,0.19944673474389096,0.00670820393249937,0.03247808618336342,0.19273853081139158,0.038983722790842175,0.05928708992891659,0.0809671194932581,-1.6179200000000002,0.027356084823753946,0.121,-0.014924999999999999,0.01369588483109188,0.069,-0.052399999999999995,0.038977122525938344,0.15,0
103.4125,120.9,90.3,8.956555879135708,30.60000000000001,95.75,101.0,111.42500000000001,0.0646549752493022,0.19944673474389096,0.014866068747318505,0.02896175220816164,0.18458066599657247,0.04416160195924188,0.05941036010183508,0.08146317454443083,-1.6037700000000001,0.024282406725485626,0.08400000000000007,0.0006500000000000017,0.02490358291915152,0.10200000000000001,0.092225,0.12628930802569172,0.41300000000000003,0
87.72400000000002,106.5,58.1,12.367343283805843,48.4,75.9,91.5,97.75,0.05300035956945024,0.14839474384222645,0.00754983443527075,0.02519944335169252,0.1408449094069557,0.03528434325287062,0.04781210376006775,0.06541596986356028,-1.5674649999999999,0.038108662081318766,0.1279999999999999,-0.0019149999999999979,0.023746309419681963,0.086,0.30431500000000006,0.11689631954263173,0.399,0
91.76899999999999,118.8,58.1,19.396078943744268,60.699999999999996,74.7,86.35,114.4,0.04933416316276423,0.14906039044628858,0.00754983443527075,0.023337492104301794,0.14151055601101784,0.033481338085566414,0.045966864944906725,0.0630733698815746,-1.5674000000000001,0.03537594219850777,0.1060000000000001,-0.007579999999999999,0.021384106247397856,0.086,0.422385,0.046121935558890985,0.173,0
103.7105,118.8,61.6,12.59056597248661,57.199999999999996,95.975,105.5,114.4,0.04805701475361962,0.14906039044628858,0.00806225774829855,0.023400453823937198,0.14099813269799003,0.03198418708623542,0.04496604800632409,0.06097316421206117,-1.580415,0.01936459949412432,0.07500000000000018,-0.0008300000000000002,0.018763835096740972,0.082,0.372675,0.07737716396012821,0.22200000000000003,0
98.6645,113.1,78.6,7.232991815494821,34.5,94.4,96.2,102.85,0.0434111556913419,0.16130096093948107,0.006403124237432849,0.022628451019008625,0.1548978367020482,0.02771217358367991,0.04181499682036262,0.053471942859002475,-1.54738,0.028088260034377262,0.10200000000000009,-0.00621,0.006509822497174836,0.031,0.304845,0.0151750580537497,0.07,0
100.27950000000001,113.7,78.6,7.240639755598379,35.10000000000001,94.875,100.4,106.175,0.04419642479014181,0.16130096093948107,0.006403124237432849,0.022973789648716127,0.1548978367020482,0.028965481266684637,0.04098169914826404,0.05336663407417653,-1.5372649999999999,0.02214694586292378,0.08699999999999997,-0.0059499999999999996,0.006756906014920761,0.03,0.32319000000000003,0.02107211594386664,0.069,0
120.67299999999999,147.1,0.0,21.30451319350105,147.1,118.7,124.85,132.75,0.07804001250240762,0.23548672998706316,0.010488088481701517,0.043887091869796994,0.22499864150536164,0.047288924885026555,0.06925665338281205,0.09645431415948286,-1.5994950000000001,0.06790541733556749,0.2550000000000001,-0.008809999999999998,0.03805211845079016,0.16,0.06776499999999999,0.034074405358017805,0.10500000000000001,1
130.8885,147.1,110.8,8.79378593698571,36.3,126.8,130.25,137.7,0.06297901067317946,0.1752826289168439,0.010488088481701517,0.027807471875163095,0.16479454043514238,0.04123396681691777,0.061619494276923606,0.07998739370217663,-1.56841,0.023788259846669407,0.1120000000000001,-0.012655000000000001,0.02462474089856801,0.087,0.10476,0.07735341072476229,0.27399999999999997,1
111.6635,145.1,54.5,21.14110092905434,90.6,97.275,115.1,128.27499999999998,0.06741001873253955,0.16926310879810758,0.009643650760992955,0.0298338678827081,0.1596194580371146,0.04450815286176397,0.06635887013179614,0.08641614399817173,-1.59069,0.026009544054241843,0.11399999999999988,0.00251,0.01982156330513051,0.105,0.274615,0.13136797363698444,0.436,1
104.445,138.5,54.5,20.93071785077482,84.0,90.975,104.8,120.875,0.07195655384263074,0.16926310879810758,0.009643650760992955,0.031577922430357466,0.1596194580371146,0.048067723845322624,0.07004587406852314,0.09185986294490603,-1.6150900000000001,0.029396986479405512,0.11999999999999988,0.00026000000000000133,0.02574834531445003,0.11499999999999999,0.47572499999999995,0.09824366884098273,0.327,1
114.7035,138.5,56.8,15.169870222345809,81.7,110.25,117.80000000000001,122.55,0.06815394308781357,0.1841195263952197,0.012083045973594572,0.033772294576886665,0.17203648042162512,0.043723540702738636,0.06019550776280974,0.08797526073995715,-1.597275,0.034967168736505315,0.10899999999999999,-0.01808,0.03478178348376572,0.157,0.54526,0.05000313959992157,0.172,1
118.87049999999999,131.9,94.4,7.467011521035466,37.5,116.5,119.45,123.625,0.060092274499288924,0.1841195263952197,0.010770329614269008,0.033104730195376214,0.17334919678095068,0.03731955463068382,0.051487862647424006,0.07374824844915007,-1.559625,0.02349199318318039,0.07500000000000018,-0.013485,0.03163341810022302,0.155,0.48765000000000003,0.05566444242740395,0.178,1
89.53049999999999,101.8,81.8,4.555577480507221,20.0,85.8,89.15,93.125,0.04699470177416803,0.14613692209705254,0.007071067811865475,0.029338228703764308,0.13906585428518706,0.026986096792653742,0.04090151706015825,0.05744105690732708,-1.572695,0.02430815515490999,0.16500000000000004,-0.011820000000000004,0.03451483695237812,0.138,0.10337499999999998,0.040233169332938024,0.136,0
88.3855,102.4,76.5,6.059590160610935,25.900000000000006,83.7,87.5,91.92500000000001,0.03614844663443171,0.11102252023801297,0.007071067811865475,0.018001529971762513,0.10395145242614749,0.023253985203362457,0.033681978929928844,0.04550543831155775,-1.5572300000000001,0.015682051322079713,0.10899999999999999,0.008650000000000001,0.01965806955152164,0.08499999999999999,0.140865,0.014644077987381194,0.069,0
84.509,102.4,73.8,7.099884562724953,28.60000000000001,79.3,82.15,88.75,0.04233280350445043,0.1296688088940436,0.008602325267042627,0.023323888318310358,0.12106648362700098,0.026028824849437304,0.03704050851617238,0.05266840831111131,-1.56529,0.010980379944181953,0.04600000000000004,0.01618,0.009493589479539873,0.047,0.14436,0.005265837561692407,0.023999999999999994,0
80.93699999999998,90.4,73.8,3.478611026453926,16.60000000000001,78.2,80.7,83.64999999999999,0.044048583382255785,0.1296688088940436,0.007348469228349534,0.023851346622254566,0.12232033966569408,0.028350483975789112,0.037808714695948605,0.05265425232528646,-1.582765,0.010959027164028284,0.039000000000000146,0.02107,0.008818955144984368,0.038,0.224955,0.10148244383653349,0.294,0
82.166,90.6,75.3,3.40825837131344,15.299999999999997,79.85000000000001,82.0,84.525,0.04561804032382732,0.14724469430169632,0.006557438524302001,0.025206272590432344,0.14068725577739433,0.029163329360888966,0.04057707543696025,0.056257796260562994,-1.55623,0.046276719566855064,0.1180000000000001,0.027315000000000006,0.010981747076135976,0.047,0.39191000000000004,0.10410413176841869,0.349,0
88.00849999999998,97.0,79.4,2.978984642036181,17.599999999999994,86.1,88.1,89.625,0.0707192477698125,0.20431348462595414,0.009055385138137417,0.04377360663758677,0.19525809948781672,0.04147539411210418,0.05837379156310318,0.08956557617496076,-1.63694,0.04791928305434264,0.18399999999999994,-0.011745,0.0140730318741433,0.052,0.02436,0.06046495226378093,0.215,0
87.73900000000002,95.1,81.4,2.5005685785597644,13.699999999999989,86.275,88.05,89.2,0.06047753732057811,0.1956041921841145,0.005099019513592785,0.03455979421988339,0.19050517267052172,0.03775134006355585,0.05228122921229067,0.07526328830024899,-1.6012699999999997,0.02194206854103086,0.10699999999999998,-0.026675,0.0200767215636348,0.076,-0.0704,0.1165943877563642,0.375,0
88.065,95.1,81.9,2.359408621927565,13.199999999999989,86.7,87.9,89.2,0.04288958946423049,0.10032945728947207,0.005099019513592785,0.0199103042837907,0.09523043777587928,0.029324539304306417,0.03979320310381092,0.053677232652024426,-1.5910000000000002,0.02351520410544216,0.09000000000000008,-0.039365000000000004,0.016335114164702656,0.07,-0.2214,0.06823849692300936,0.20299999999999999,0
87.2315,92.8,81.8,2.345627333559127,11.0,85.7,87.4,88.6,0.03777978172205975,0.0999649938728553,0.00412310562561766,0.01856735918673861,0.09584188824723765,0.024520039715118826,0.034698595430802864,0.047916580580379294,-1.582695,0.02108637357996319,0.09000000000000008,-0.036985,0.015472938769698996,0.064,-0.25678,0.03997438375740043,0.152,0
87.3675,90.8,81.8,1.8337137948455957,9.0,86.6,87.3,88.625,0.032847345466945004,0.0999649938728553,0.00412310562561766,0.016924363093058944,0.09584188824723765,0.0205175832001054,0.02994988381728757,0.04163231885157648,-1.5885550000000002,0.010473559674786158,0.04699999999999993,-0.016420000000000004,0.018790931203040123,0.069,-0.13205,0.11725378351568753,0.351,0
97.99400000000001,137.1,72.2,18.9812248944177,64.89999999999999,84.05,92.19999999999999,103.55000000000001,0.04372760490918472,0.1919921873410478,0.0037416573867739417,0.027472719568852094,0.18825052995427388,0.0250798485986151,0.03736284372823896,0.05603458359489213,-1.553005,0.011119044055291702,0.04600000000000004,0.011805000000000001,0.006816841028514615,0.032,0.105305,0.002347237229822612,0.011999999999999997,1
89.2445,97.5,72.2,6.335841236241188,25.299999999999997,84.05,91.2,94.6,0.05050078158135129,0.1797331355092878,0.005196152422706632,0.030614576941043067,0.17453698308658117,0.028670398639209234,0.042929771410472606,0.065130528242759,-1.5542349999999998,0.009283354910373723,0.050000000000000044,0.011250000000000003,0.006569879495311506,0.031,0.10168999999999999,0.004800952585544165,0.017,1
103.7975,147.3,85.6,18.203910446045327,61.70000000000002,91.07499999999999,94.80000000000001,121.5,0.0815475853208714,0.21765339418442345,0.005196152422706632,0.04860373383856894,0.21245724176171682,0.04235364056539879,0.07116879120136979,0.11569837768004956,-1.5756999999999999,0.03045022299429038,0.11099999999999999,-0.019415,0.05436894967205281,0.204,0.012575000000000003,0.1393903249456081,0.493,1
96.06049999999999,104.7,0.0,9.463146700616393,104.7,95.275,98.05,101.125,0.07487959243044687,0.19423696867486373,0.012083045973594572,0.03318770489550793,0.18215392270126915,0.04989953298154369,0.07067531252000087,0.09832943041121406,-1.5976950000000003,0.03010170323567158,0.10299999999999998,0.04057,0.02368013606846687,0.096,2.5986000000000002,0.046495582542644846,0.18400000000000016,0
97.87299999999999,104.7,87.4,4.1302987590725175,17.299999999999997,95.0,98.4,101.3,0.07570100799906802,0.16849035580709062,0.010049875621120889,0.03107702196795927,0.15844048018596973,0.055492010187860936,0.07238669709616301,0.0957115861917356,-1.5805250000000002,0.031382698158676406,0.10299999999999998,0.04721500000000001,0.010507655739779862,0.045,2.736945,0.13238417512724324,0.391,0
96.0025,102.4,87.4,3.5336634868350094,15.0,93.975,97.2,98.4,0.06801520324739922,0.1628066337714775,0.008306623862918075,0.03290899782589098,0.15450000990855942,0.04362321719360737,0.0631067116580501,0.08718317657890771,-1.5692750000000002,0.011439127729686409,0.052000000000000046,0.037705,0.013579765282420317,0.062,2.9332050000000005,0.09393322216410256,0.3250000000000002,0
87.1155,101.1,52.1,13.56107753349072,48.99999999999999,76.275,92.7,97.5,0.06788834091496437,0.17872884490199112,0.008306623862918075,0.0351519053546731,0.17042222103907304,0.03895806228521767,0.06059988781093455,0.08869381318334829,-1.58336,0.016042355996849354,0.06899999999999995,0.03161,0.015245327152934435,0.062,3.027855,0.04205660190527875,0.15300000000000002,0
81.2615,95.1,51.0,12.783849254383203,44.099999999999994,73.6,87.85,91.4,0.07497529295244014,0.24875891943807762,0.013038404810405297,0.044120841902059296,0.23572051462767232,0.04096620016341185,0.06593913544704597,0.09686946356044916,-1.5713750000000002,0.024426576987301832,0.09799999999999986,0.02994,0.011429328402784369,0.056,2.977115,0.07665704984838179,0.23599999999999977,0
87.59949999999999,94.4,51.0,8.282903003223208,43.400000000000006,87.5,90.8,91.725,0.07475370231091791,0.24875891943807762,0.013038404810405297,0.046565283408406224,0.23572051462767232,0.041415401658055566,0.06009987016357861,0.10130882845502202,-1.553175,0.009521431789210225,0.04200000000000004,0.027715000000000004,0.0087903427480469,0.038,2.8830299999999998,0.034456280652181676,0.12300000000000022,0
90.2105,96.0,85.4,2.3332294245827376,10.599999999999994,88.5,90.1,91.7,0.08480674684042862,0.2710737906917598,0.016278820596099707,0.05183468785154189,0.2547949700956601,0.04754471492222237,0.07251300559755541,0.11113708164040123,-1.5498250000000002,0.006522044181198685,0.02300000000000013,0.029890000000000003,0.014694131054172136,0.06099999999999999,2.839015,0.02063038630748295,0.07399999999999984,0
88.641,96.0,83.4,2.6597349397540992,12.599999999999994,86.775,88.4,90.1,0.091475052517288,0.2710737906917598,0.010954451150103323,0.05314008950427176,0.26011933954165645,0.05065843052911764,0.08221097707280174,0.11994960739923907,-1.549085,0.006050688319995396,0.02300000000000013,0.03177000000000001,0.014228469585084278,0.06599999999999999,2.8331550000000005,0.01494784820063229,0.052999999999999936,0
88.44849999999998,96.1,78.6,2.774180625104197,17.5,86.5,88.2,90.5,0.07221897975588021,0.22254887103735216,0.010954451150103323,0.043832011007534075,0.21159441988724884,0.036100529569608575,0.06215894924682968,0.09739587191295868,-1.5499149999999997,0.005270356562079775,0.02200000000000002,0.025150000000000006,0.009780377236818238,0.045,2.8414250000000005,0.004472627525842574,0.017999999999999794,0
65.2285,73.6,52.5,7.035912026184025,21.099999999999994,57.625,68.35,71.3,0.04616333525782519,0.12095040305844375,0.006708203932499369,0.02202172243875308,0.11424219912594438,0.027762198726932193,0.04406760177476522,0.06106232135973824,-1.55288,0.0067030031520417385,0.03100000000000014,-0.005650000000000001,0.023905750869259796,0.092,0.07769999999999999,0.01298859182467213,0.045000000000000005,0
69.275,85.1,52.5,10.893245106244677,32.599999999999994,57.625,71.3,78.64999999999999,0.04956921031988534,0.12095040305844375,0.010440306508910549,0.02429081320776324,0.1105100965495332,0.029958272924589392,0.04535946444134468,0.06498422022995404,-1.5568099999999998,0.007191836522253141,0.03200000000000003,0.00731,0.012827964897718008,0.063,0.08191999999999998,0.007921956004338409,0.034,0
74.074,85.1,62.7,6.127376905225715,22.39999999999999,68.95,72.75,78.64999999999999,0.04741170197003397,0.11923506195746283,0.006480740698407861,0.02385088762514329,0.11275432125905498,0.029016244428707424,0.04356449370294398,0.06283700610134668,-1.564065,0.006710134463825081,0.03299999999999992,0.00626,0.01000514440539787,0.038,0.077175,0.0059625611676855745,0.033,0
75.28,84.7,66.5,5.561217104051231,18.200000000000003,71.25,74.7,80.725,0.049224360283864614,0.15451213544573125,0.006480740698407861,0.025699116279202128,0.14803139474732338,0.029410882339705485,0.045161794270749636,0.064297439048743,-1.57008,0.007968758091926138,0.03499999999999992,-0.007315,0.025376675378511102,0.078,0.133185,0.068248590649391,0.21200000000000002,0
83.561,90.8,74.4,4.494863511826555,16.39999999999999,80.775,83.95,87.625,0.054635354098491025,0.15451213544573125,0.0034641016151377548,0.02981194126086402,0.1510480338305935,0.03052021651493909,0.04853859083757854,0.07480333066546854,-1.5673599999999999,0.00843898586395667,0.03400000000000003,-0.036340000000000004,0.01892392598998347,0.077,0.25225,0.076217669643129,0.24999999999999997,0
86.131,90.8,78.4,3.218233074313141,12.399999999999991,84.02499999999999,86.9,88.8,0.0554947116860852,0.1595054857990784,0.0034641016151377548,0.029503972560700916,0.15604138418394065,0.03373050038460132,0.04813519816665613,0.07630203142774117,-1.552795,0.013581430383294738,0.05899999999999994,-0.03932,0.01637155272701607,0.068,0.32988,0.02646749404847444,0.10299999999999998,0
95.82150000000001,107.6,62.9,9.451892886915756,44.699999999999996,90.675,98.05,103.225,0.06304169362814535,0.1788043623628909,0.00754983443527075,0.03308356807962911,0.17125452792762016,0.040136557881424006,0.05990663003386623,0.07775821639496791,-1.58512,0.008149704807059647,0.03699999999999992,0.0012400000000000002,0.01973549718771309,0.069,0.016359999999999996,0.054418353392303664,0.192,1
100.32,114.4,85.3,6.897687326362461,29.10000000000001,94.325,101.45,105.55,0.05950502262594899,0.1442601816164114,0.00754983443527075,0.02905733860696637,0.13671034718114067,0.03800649450004141,0.0564091014122003,0.07252230215395819,-1.581685,0.006351178025497138,0.03200000000000003,0.0011449999999999995,0.025517438612972777,0.094,0.148045,0.1100250450017549,0.331,1
102.88099999999999,121.8,88.1,7.544230648674656,33.7,95.875,104.55,108.9,0.05698018771582792,0.1442601816164114,0.006480740698407861,0.026618337425645917,0.13777944091800354,0.037267170467964954,0.05384231125095727,0.07299014434634161,-1.573235,0.013749363621637194,0.05700000000000016,-0.0048850000000000005,0.022976758521619275,0.092,0.30065000000000003,0.06654161428881031,0.233,1
93.45450000000001,121.8,50.4,16.650135579751915,71.4,82.0,98.7,106.5,0.06976343284768324,0.16287725439729148,0.006480740698407861,0.031952830141901,0.1563965136988836,0.045871469388345534,0.0652606096358441,0.08881572684942274,-1.545395,0.024058533625327318,0.08499999999999996,0.010235,0.028773588094975162,0.10899999999999999,0.34196,0.0380723775150468,0.14200000000000002,1
89.02600000000001,107.7,50.4,13.933424763070303,57.300000000000004,80.9,93.0,99.575,0.06825624949075611,0.16287725439729148,0.0078102496759066544,0.034058173783439595,0.15506700472138482,0.04382345499089804,0.062489957707888566,0.08726435016211308,-1.5381900000000002,0.018674517073801352,0.07299999999999995,0.008084999999999998,0.029293828993244075,0.09999999999999999,0.25711,0.07928016538274613,0.233,1
105.31349999999999,127.7,77.8,11.157631084017574,49.900000000000006,97.675,104.1,113.92500000000001,0.06115902801065098,0.16010933764150045,0.0078102496759066544,0.030446646518352,0.1522990879655938,0.039739580278776325,0.05661708545257109,0.08047321884566236,-1.5434500000000002,0.010354398477902814,0.04200000000000004,-0.01234,0.010789647001272114,0.043,0.15894499999999998,0.03419059753498021,0.127,1
116.56900000000002,127.7,97.6,5.834961256454203,30.10000000000001,113.07499999999999,116.5,120.7,0.06533096403428025,0.16242536747688152,0.00812403840463596,0.03287405750184714,0.15430132907224556,0.040177177138112016,0.06187840701027934,0.08290372744629187,-1.5395400000000001,0.004875165246522882,0.02400000000000002,-0.005195,0.011650133175851484,0.052000000000000005,0.12544,0.008320006764589445,0.030999999999999986,1
113.109,126.8,82.7,12.477631000189275,44.099999999999994,113.57499999999999,117.95,120.625,0.06482659705115773,0.17390227140552247,0.014456832294800959,0.03298175702184569,0.1594454391107215,0.040252248079480614,0.06139990236061545,0.0814139773221976,-1.54652,0.006970115677864609,0.030999999999999917,0.00106,0.011519980457828203,0.05,0.11775000000000001,0.0038577078100523214,0.020000000000000004,1
